{
  "01-Jul-2018": [
    {
      "_id": "d4bee082-fdc1-4399-ae1d-93a10469365e",
      "userInputs": "CUSTOM_USER_INPUT",
      "sessionID": "86_33_264_992_2018-07-01 09:00:00.000000",
      "stationID": "49-35-7-535",
      "spaceID": "NY-252",
      "siteID": "0049",
      "clusterID": "0035",
      "connectionTime": "Sun, 01 Jul 2018 09:00:00 GMT",
      "disconnectTime": "Sun, 01 Jul 2018 13:00:00 GMT",
      "kWhDelivered": 20.0,
      "doneChargingTime": "Sun, 01 Jul 2018 10:15:25 GMT",
      "timezone": "America/Los_Angeles",
      "userID": "ar5kiwjjemlc"
    }
  ]
}