<?xml version="1.0" encoding="UTF-8"?>
<project xmlns="http://maven.apache.org/POM/4.0.0" xmlns:xsi="http://www.w3.org/2001/XMLSchema-instance" xsi:schemaLocation="http://maven.apache.org/POM/4.0.0 http://maven.apache.org/maven-v4_0_0.xsd">
  <modelVersion>4.0.0</modelVersion>
  <groupId>com.evcharging</groupId>
  <artifactId>ev-monitor-fx</artifactId>
  <name>EV Charging Monitor JavaFX</name>
  <version>1.0.0</version>
  <description>Real-time monitoring application for EV charging simulation</description>
  <build>
    <plugins>
      <plugin>
        <artifactId>maven-compiler-plugin</artifactId>
        <version>3.8.1</version>
        <configuration>
          <source>11</source>
          <target>11</target>
        </configuration>
      </plugin>
      <plugin>
        <groupId>org.openjfx</groupId>
        <artifactId>javafx-maven-plugin</artifactId>
        <version>0.0.8</version>
        <executions>
          <execution>
            <id>default-cli</id>
          </execution>
        </executions>
        <configuration>
          <mainClass>SimpleEVMonitorFX</mainClass>
        </configuration>
      </plugin>
      <plugin>
        <artifactId>maven-shade-plugin</artifactId>
        <version>3.2.4</version>
        <executions>
          <execution>
            <phase>package</phase>
            <goals>
              <goal>shade</goal>
            </goals>
            <configuration>
              <transformers>
                <transformer>
                  <mainClass>SimpleEVMonitorFX</mainClass>
                </transformer>
              </transformers>
            </configuration>
          </execution>
        </executions>
      </plugin>
    </plugins>
  </build>
  <properties>
    <maven.compiler.target>11</maven.compiler.target>
    <gson.version>2.8.9</gson.version>
    <maven.compiler.source>11</maven.compiler.source>
    <project.build.sourceEncoding>UTF-8</project.build.sourceEncoding>
    <javafx.version>17.0.2</javafx.version>
  </properties>
</project>
