[
  {
    "hour": 0,
    "grid_usage": 34.57222222222222
  },
  {
    "hour": 1,
    "grid_usage": 93.19467999999999
  },
  {
    "hour": 2,
    "grid_usage": 58.97863222222222
  },
  {
    "hour": 3,
    "grid_usage": 107.65266555555556
  },
  {
    "hour": 4,
    "grid_usage": 3.46513333333332
  },
  {
    "hour": 5,
    "grid_usage": 25.767777777777777
  },
  {
    "hour": 6,
    "grid_usage": 1.1555555555555557
  },
  {
    "hour": 7,
    "grid_usage": 0.0
  },
  {
    "hour": 8,
    "grid_usage": 0.0
  },
  {
    "hour": 9,
    "grid_usage": 14.675555555555555
  },
  {
    "hour": 10,
    "grid_usage": 0.0
  },
  {
    "hour": 11,
    "grid_usage": 9.878501111111113
  },
  {
    "hour": 12,
    "grid_usage": 3.5692766666666635
  },
  {
    "hour": 13,
    "grid_usage": 45.89373444444444
  },
  {
    "hour": 14,
    "grid_usage": 55.909598888888894
  },
  {
    "hour": 15,
    "grid_usage": 201.01235333333332
  },
  {
    "hour": 16,
    "grid_usage": 100.56004444444444
  },
  {
    "hour": 17,
    "grid_usage": 35.822002222222224
  },
  {
    "hour": 18,
    "grid_usage": 37.995599999999996
  },
  {
    "hour": 19,
    "grid_usage": 27.875555555555557
  },
  {
    "hour": 20,
    "grid_usage": 10.388888888888888
  },
  {
    "hour": 21,
    "grid_usage": 19.67111111111111
  },
  {
    "hour": 22,
    "grid_usage": 31.645555555555553
  },
  {
    "hour": 23,
    "grid_usage": 20.247777777777777
  },
  {
    "hour": 24,
    "grid_usage": 85.50555555555555
  },
  {
    "hour": 25,
    "grid_usage": 77.08555555555554
  },
  {
    "hour": 26,
    "grid_usage": 26.42900888888889
  },
  {
    "hour": 27,
    "grid_usage": 73.07432444444444
  },
  {
    "hour": 28,
    "grid_usage": 32.864444444444445
  },
  {
    "hour": 29,
    "grid_usage": 6.042222222222222
  },
  {
    "hour": 30,
    "grid_usage": 7.3311111111111105
  },
  {
    "hour": 31,
    "grid_usage": 0.0
  },
  {
    "hour": 32,
    "grid_usage": 7.036666666666667
  },
  {
    "hour": 33,
    "grid_usage": 0.0
  },
  {
    "hour": 34,
    "grid_usage": 0.0
  },
  {
    "hour": 35,
    "grid_usage": 13.225555555555555
  },
  {
    "hour": 36,
    "grid_usage": 0.0
  },
  {
    "hour": 37,
    "grid_usage": 12.282947777777778
  },
  {
    "hour": 38,
    "grid_usage": 48.22149666666666
  },
  {
    "hour": 39,
    "grid_usage": 119.84777777777778
  },
  {
    "hour": 40,
    "grid_usage": 46.09888888888889
  },
  {
    "hour": 41,
    "grid_usage": 17.712222222222223
  },
  {
    "hour": 42,
    "grid_usage": 5.972222222222222
  },
  {
    "hour": 43,
    "grid_usage": 31.003302222222224
  },
  {
    "hour": 44,
    "grid_usage": 36.24780888888888
  },
  {
    "hour": 45,
    "grid_usage": 0.0
  },
  {
    "hour": 46,
    "grid_usage": 0.0
  },
  {
    "hour": 47,
    "grid_usage": 0.0
  }
]