[
  {
    "hour": 0,
    "grid_usage": 0.0
  },
  {
    "hour": 1,
    "grid_usage": 19.005529
  },
  {
    "hour": 2,
    "grid_usage": 167.74001
  },
  {
    "hour": 3,
    "grid_usage": 91.500297
  },
  {
    "hour": 4,
    "grid_usage": 0.0
  },
  {
    "hour": 5,
    "grid_usage": 7.1390489
  },
  {
    "hour": 6,
    "grid_usage": 0.0
  },
  {
    "hour": 7,
    "grid_usage": 0.0
  },
  {
    "hour": 8,
    "grid_usage": 0.0
  },
  {
    "hour": 9,
    "grid_usage": 0.0
  },
  {
    "hour": 10,
    "grid_usage": 0.0
  },
  {
    "hour": 11,
    "grid_usage": 0.0
  },
  {
    "hour": 12,
    "grid_usage": 0.0
  },
  {
    "hour": 13,
    "grid_usage": 0.0
  },
  {
    "hour": 14,
    "grid_usage": 38.357867
  },
  {
    "hour": 15,
    "grid_usage": 0.0
  },
  {
    "hour": 16,
    "grid_usage": 0.0
  },
  {
    "hour": 17,
    "grid_usage": 0.0
  },
  {
    "hour": 18,
    "grid_usage": 0.0
  },
  {
    "hour": 19,
    "grid_usage": 21.170418
  },
  {
    "hour": 20,
    "grid_usage": 12.835556
  },
  {
    "hour": 21,
    "grid_usage": 47.915302
  },
  {
    "hour": 22,
    "grid_usage": 78.858031
  },
  {
    "hour": 23,
    "grid_usage": 45.408089
  },
  {
    "hour": 24,
    "grid_usage": 106.99905
  },
  {
    "hour": 25,
    "grid_usage": 116.75357
  },
  {
    "hour": 26,
    "grid_usage": 269.54526
  },
  {
    "hour": 27,
    "grid_usage": 41.820991
  },
  {
    "hour": 28,
    "grid_usage": 17.452222
  },
  {
    "hour": 29,
    "grid_usage": 6.0422222
  },
  {
    "hour": 30,
    "grid_usage": 3.6672711
  },
  {
    "hour": 31,
    "grid_usage": 0.0
  },
  {
    "hour": 32,
    "grid_usage": 0.0
  },
  {
    "hour": 33,
    "grid_usage": 0.0
  },
  {
    "hour": 34,
    "grid_usage": 0.0
  },
  {
    "hour": 35,
    "grid_usage": 0.0
  },
  {
    "hour": 36,
    "grid_usage": 0.0
  },
  {
    "hour": 37,
    "grid_usage": 0.0
  },
  {
    "hour": 38,
    "grid_usage": 0.0
  },
  {
    "hour": 39,
    "grid_usage": 0.0
  },
  {
    "hour": 40,
    "grid_usage": 69.362661
  },
  {
    "hour": 41,
    "grid_usage": 0.0
  },
  {
    "hour": 42,
    "grid_usage": 0.0
  },
  {
    "hour": 43,
    "grid_usage": 0.0
  },
  {
    "hour": 44,
    "grid_usage": 48.458889
  },
  {
    "hour": 45,
    "grid_usage": 73.59758
  },
  {
    "hour": 46,
    "grid_usage": 0.0
  },
  {
    "hour": 47,
    "grid_usage": 90.771309
  }
]