{
  "max_rate": 43.05400000000001,
  "doubled_max_rate": 86.10800000000002,
  "original_object": {
    "_id": "5bc915caf9af8b0dad3c0678",
    "userInputs": null,
    "sessionID": "2_39_95_444_2018-04-30 18:45:38.019636",
    "stationID": "2-39-95-444",
    "spaceID": "CA-497",
    "siteID": "0002",
    "clusterID": "0039",
    "connectionTime": "Mon, 30 Apr 2018 18:45:38 GMT",
    "disconnectTime": "Mon, 30 Apr 2018 23:22:23 GMT",
    "kWhDelivered": 0.5860127777777778,
    "doneChargingTime": "Mon, 30 Apr 2018 18:46:27 GMT",
    "timezone": "America/Los_Angeles",
    "userID": null
  }
}